index,commentaire,cache_hit,parse_ok,error,theme,sub_theme,severity,main_issue,recommended_action,confidence,contact_id,id_profil,id_conseiller,date_contact
0,"on donne toutes les infos à l’engagement et immédiatement on vous redemande la même chose par sms et mail.  
Ceci crée le doute, l’incertitude et la confusion",False,True,,support client insuffisant,Redondance des demandes d'informations créant confusion et méfiance,3,Demande répétée des mêmes informations par SMS et mail après engagement,Améliorer la coordination interne pour éviter les demandes redondantes,0.9,49391456,20596135,135088.0,2025-10-19
8,"Je ne sais pas comment je serai facturé pour mes abonnements, et je n'arrive pas à comprendre pourquoi je dois payer des frais d'installation.",False,True,,tarification,Manque de clarté sur la facturation et frais d'installation,4,Incompréhension sur la facturation des abonnements et frais d'installation,Clarifier et détailler les informations tarifaires dès la souscription,0.95,49386780,11019880,135088.0,2025-10-19
14,Seriez mieux de pouvoir directement prendre le répéteur. Les frais de 49€ si pas d'abonnement antérieur me paraissent peu justifiable.,False,True,,tarification,Frais supplémentaires non justifiés pour les nouveaux clients sans abonnement antérieur,3,Frais de 49€ pour répéteur jugés peu justifiés sans abonnement antérieur,Revoir la politique tarifaire pour les nouveaux clients sans abonnement,0.9,49382399,76422742,135088.0,2025-10-19
17,"Gros manque d'information  
Sur les options  
Je suis sur le point d'annuler la transaction  
Les frais de résiliation  
Les frais pour la mise en service  
Sans compter sur le matériel en plus",False,True,,support client insuffisant,"Manque d'information sur options, frais et matériel entraînant frustration",4,"Insuffisance d'informations sur options, frais de résiliation et matériel",Fournir des informations complètes et transparentes avant la transaction,0.95,49378460,54803689,135088.0,2025-10-19
27,"C'est fou de préférer perdre des clients fidèles plutôt que de faire une offre satisfaisante.  
Je suis très remontée.",False,True,,churn,Offres insatisfaisantes poussant à la perte de clients fidèles,4,Perte de clients fidèles due à des offres non satisfaisantes,Proposer des offres adaptées pour fidéliser les clients,0.9,49024861,31471514,0.0,2025-10-13
28,"J'attends toujours mon dédommagement car je n'ai pas d'internet.  
Je ne trouve pas de différence au niveau des ascendants et descendants du débit internet par rapport à mai 2025.  
Tout ce travail, pas internet, pas de Wi-Fi, je ne peux même pas être en contact au niveau visio avec mon médecin traitant. Pas de traitement médical.  
Je suis assez en colère, alors que la société AB VIDEOCOM avait terminé leur travail le vendredi 10 octobre 2025 vers 17h.",False,True,,probleme d'internet,"Absence d'internet malgré intervention technique, impactant la vie quotidienne",5,Pas d'accès internet malgré intervention technique terminée,Accélérer la résolution des pannes et compenser les clients impactés,0.95,49024795,47741035,0.0,2025-10-13
38,Malgré les appréciations positives je ne mets que 3 étoiles car la panne est survenue vendredi à 10h15 et pas d'intervention avant le lundi matin !! Je précise que nous étions 2 en télétravail vendredi donc 1 jour de congés retiré d'office par l'employeur...,False,True,,service technique,Délai d'intervention trop long après panne impactant le télétravail,4,Intervention technique retardée après panne survenue un vendredi,"Réduire les délais d'intervention, notamment en télétravail",0.9,49024635,69394133,0.0,2025-10-13
53,Manque de sérieux et non respect des engagements de Free lors de la souscription de l'abonnement,False,True,,support client insuffisant,Non respect des engagements contractuels créant insatisfaction,4,Manque de sérieux et non respect des engagements lors de la souscription,Renforcer le respect des engagements contractuels,0.9,49024089,55814123,0.0,2025-10-13
55,Le problème n'est toujours pas résolu.,False,True,,service technique,Problème technique non résolu malgré les démarches,4,Problème technique persistant non résolu,Améliorer le suivi et la résolution des problèmes techniques,0.9,49023942,90060894,0.0,2025-10-13
60,"Échanges nuls par mail.  
Avant, en manipulant directement avec l'opérateur au téléphone, ça allait 100 fois plus vite, et c'était beaucoup plus simple.  
Tout le monde n'est pas né avec un ordi dans la main.",False,True,,support client insuffisant,"Communication inefficace par mail, préférences pour contact téléphonique",3,Échanges par mail jugés inefficaces et lents,Favoriser le contact téléphonique pour une meilleure réactivité,0.9,49023830,81207835,0.0,2025-10-13
66,Au moins auparavant on pouvait dialoguer par oral avec un conseiller alors que là on est face à des personnes qui ne sont pas à l'écoute du client.,False,True,,support client insuffisant,Manque d'écoute des conseillers en contact client,3,Absence d'écoute des conseillers au téléphone,Former les conseillers à l'écoute active,0.9,49023700,25965699,0.0,2025-10-13
73,Service Nul .. j'ai résilié mon abonnement,False,True,,churn,Résiliation suite à insatisfaction du service,4,Résiliation de l'abonnement due à un service jugé nul,Améliorer la qualité du service pour limiter les résiliations,0.95,49023463,58938495,0.0,2025-10-13
78,"Fidèle client Free depuis les tous débuts, je pensais que j'aurais pu obtenir satisfaction maintenant que mon épouse et moi sommes à la retraite avec beaucoup moins de moyens. J'aurais juste désiré migrer vers une offre plus économique, mais votre conseillère m'a simplement dit que c'est impossible de changer de Freebox Pop pour une offre moins chère ; par contre, je peux dans l'autre sens : pour une box plus chère, là il n'y a pas de problème, on m'accueille les bras ouverts. On ne comprend pas chez Free qu'à certains moments de la vie il faut faire des choix. Du coup, ça me complique bien la vie : j'ai tout chez vous — internet, télé, mobiles...",False,True,,tarification,Impossibilité de migrer vers une offre moins chère pour clients fidèles,4,Blocage à la migration vers une offre plus économique,Permettre la migration vers des offres adaptées aux besoins et budgets,0.9,49022894,95347684,0.0,2025-10-13
82,"Pas du tout professionnel de prélever l’abonnement du mois d’après pour les clients qui ont résilié le mois d’avant et de ne PAS REMBOURSER !!!!! je ne recommanderais à personne d’aller chez Free, je vais en faire part à 60 Millions de Consommateurs.",False,True,,tarification,Prélèvement injustifié après résiliation sans remboursement,5,Prélèvement d'abonnement après résiliation sans remboursement,Mettre en place un processus de remboursement clair et rapide,0.95,49022684,28539442,0.0,2025-10-13
86,Les collaborateurs en magasin en personne m'ont garanti que rétablir les tarifs préférentiels après un déménagement était une demande régulièrement faite et que par le futur les tarifs ne sauteront plus car il y a toujours ce type de demande. Ce n'est sûrement pas faute de la personne répondant à ma demande mais il devient attrayant de changer d'opérateur car je me sens dupé d'une somme importante pour rien.,False,True,,tarification,Perte des tarifs préférentiels après déménagement créant frustration,4,Tarifs préférentiels non rétablis après déménagement,Assurer la continuité des tarifs préférentiels lors de déménagements,0.9,49022579,17841904,0.0,2025-10-13
87,"Bonjour en effet la ligne a été rétablie mais plutôt tardivement depuis la première demande il a fallu que je rappelle aller en boutique on m'a dit que le pb venait d'Orange alors que pas certain et plus rien, trop d'incertitudes. Par ailleurs, le fils de la fibre a été laissé en suspend sur la barrière et le long du mur, c'est pour cela qu'il a été endommagé ; vous ne prévoyez pas de protection ? Je reste fidèle à Free, mais moins convaincu. Rien à redire sur la gentillesse.",False,True,,service technique,Problème technique mal géré avec incertitudes et matériel endommagé,4,Délai tardif de rétablissement et matériel mal protégé causant dommage,Améliorer la gestion des interventions et la protection du matériel,0.9,49022592,89398719,0.0,2025-10-13
88,"Échanges par chat très fastidieux  
J'ai eu du mal à être rappelée au téléphone",False,True,,support client insuffisant,Difficultés à obtenir un rappel téléphonique via chat,3,Échanges par chat fastidieux et difficulté à être rappelé,Optimiser le système de rappel client,0.85,49022595,71681515,0.0,2025-10-13
92,"Le service est catastrophique, c'est vraiment dommage que vous ayez l'exclusivité sur mon immeuble car sinon je vous aurais déjà quitté.  
Je vais conseiller à tous mes proches et mon entourage de ne jamais mettre un pied chez vous car c'est n'importe quoi.",False,True,,churn,Insatisfaction poussant à envisager un changement d'opérateur,4,Service catastrophique incitant à quitter l'opérateur,Améliorer la qualité du service pour retenir les clients,0.9,49022558,69773960,0.0,2025-10-13
132,IL FAUDRAIT VOUS RENSEIGNER AU PRÈS DE VOS SERVICES TECHNIQUES AVANT DE NOUS FAIRE PRENDRE UN RDV. JE DEMANDE UN GESTE COMMERCIAL.,False,True,,support client insuffisant,Manque de coordination avec le service technique avant prise de rendez-vous,3,Prise de rendez-vous sans vérification préalable avec service technique,Coordonner mieux les services avant de fixer des rendez-vous,0.9,49019785,26925631,0.0,2025-10-13
147,"Délai d'intervention supérieur à 48h, trop long. Serveur vocal incapable de traiter ma demande, heureusement l'application Free a très bien fonctionné. Technicien compétent et opérationnel face au problème.",False,True,,service technique,Délai d'intervention trop long malgré compétence technique,4,Délai d'intervention supérieur à 48h jugé trop long,Réduire les délais d'intervention pour les pannes,0.9,49424861,23762567,0.0,2025-10-20
160,"C'est ridicule que vous n'avez pas l'option de rétracter l'abonnement TV by Canal et vous me faites tourner en rond pendant un mois et au final vous m'obligez à payer 45 € par an pour un service que je n'utiliserai pas. Non, c'est hors de question que je reste dans cet abonnement. Je vais changer d'opérateur.",False,True,,tarification,Absence d'option de rétractation pour abonnement TV imposant un coût inutile,4,Obligation de payer un abonnement TV non désiré sans possibilité de rétractation,Permettre la rétractation ou suppression facile des options TV,0.9,49424540,34878775,0.0,2025-10-20
170,ça ne fonctionne toujours pas,False,True,,probleme d'internet,Problème persistant d'accès internet non résolu,5,Connexion internet toujours non fonctionnelle,Intervenir rapidement pour rétablir la connexion,0.95,49424166,57235609,0.0,2025-10-20
174,Il serait souhaitable d'avoir le conseiller directement au téléphone et pas uniquement par mail,False,True,,support client insuffisant,Préférence pour contact téléphonique direct plutôt que mail,3,Difficulté à joindre un conseiller directement au téléphone,Offrir un accès téléphonique plus direct aux conseillers,0.9,49424067,81161556,0.0,2025-10-20
183,"Aucune écoute, aucun sens de la relation, exactement comme dans la pub de Reef !",False,True,,support client insuffisant,Manque d'écoute et de relation client perçue comme défaillante,3,Absence d'écoute et mauvaise qualité relationnelle,Former le personnel à la relation client,0.9,49423525,85873945,0.0,2025-10-20
185,"Aucun contact de l'équipe de proximité ! Personne ne m'a averti que la panne était réparée, c'est en rallumant mon téléviseur que je l'ai constaté.",False,True,,service technique,Absence d'information sur la réparation de la panne par l'équipe de proximité,3,Pas d'avertissement de la réparation de la panne,Améliorer la communication post-intervention,0.9,49423263,24244022,0.0,2025-10-20
196,Personnels pas très professionnels,False,True,,support client insuffisant,Professionnalisme insuffisant du personnel,3,Personnel jugé peu professionnel,Renforcer la formation et le professionnalisme du personnel,0.85,49422773,99805184,0.0,2025-10-20
201,"Je trouve que pour écrire un message ce n'est pas simple, le carré de messagerie est caché, ça prend plus de temps.",False,True,,support client insuffisant,Interface de messagerie peu ergonomique ralentissant la communication,2,Difficulté à écrire un message à cause de l'interface cachée,Améliorer l'ergonomie de la messagerie client,0.85,49422179,95852626,0.0,2025-10-20
214,"En panne samedi AM vers 16 h. Free est coutumier de pannes qui durent 1 h ou 2, donc on attend. Après 4 heures de panne, je fais le 3244 et je suis en galère. Il faut avoir la box, le code secret ? Et bien sûr, on n’a pas ces infos sur soi en permanence, donc ON NE PEUT PAS avoir qui que ce soit chez « Reef » ?  

Après avoir trouvé les infos (box et code secret), le 3244 (le robot ? Il n’y a plus d’interlocuteur vivant) fait un test et confirme une anomalie, mais « on vous tient au courant dès que possible ». Je complète sur le compte Free la description de panne + photo de la box bloquée en phase 3. Plus tard, on me demande des précisions ? La photo du problème sur la box ne suffit pas ? Et plus tard, on me demande de prendre RDV pour avoir la visite d’un technicien. Le planning proposé le plus tôt est le jeudi suivant, soit 6 jours après la panne. Merci qui ? Merci Free.  

Finalement, ça marche, mais sans explications sur la raison, sans dédommagement aucun.",False,True,,service technique,Processus de gestion de panne complexe et délai d'intervention long,4,"Difficultés à joindre le support, délai d'intervention de 6 jours sans explication ni dédommagement",Simplifier le processus de prise en charge et réduire les délais,0.95,49420403,55914401,0.0,2025-10-20
223,Trop de problèmes de connexion dès le moindre pluie « problème exceptionnel » si ça se passe à chaque fois il n'y a rien d'exceptionnel,False,True,,probleme d'internet,Problèmes de connexion fréquents liés aux conditions météorologiques,4,"Pannes fréquentes dès qu'il pleut, qualifiées à tort d'exceptionnelles",Améliorer la robustesse du réseau face aux intempéries,0.9,49420251,29962305,0.0,2025-10-20
227,Ma note ne porte pas sur les conseillers mais sur mon mécontentement suite aux problèmes techniques de dysfonctionnement récurrent de ma box wifi qui a des répercussions négatives sur mon télétravail.,False,True,,probleme d'internet,Dysfonctionnements récurrents de la box wifi impactant le télétravail,4,Problèmes techniques récurrents affectant la connexion wifi,Résoudre définitivement les problèmes techniques de la box,0.9,49420234,62554315,0.0,2025-10-20
229,"Je n'ai pas Canal Plus sur la chaîne 40 et je rend Free responsable de ce problème. Canal Plus me dit qu'en octobre un abonnement Free de trois mois gratuit est dépassé et que je leur dois 12,26 euros que je ne payerai pas. Je ne vois pas pourquoi je devrais payer un abonnement à Canal Plus alors que cela fait partie de l'offre Free. Je demande donc à Free, sous huit jours, de me donner accès à ce pour quoi je paye et de régler le problème avec Canal Plus ou bien de déduire les 12,26 euros de ma prochaine facture. Ensuite je pourrai payer Canal Plus et ensuite pouvoir récupérer le service. Dans l'attente de votre réponse. Cordialement",False,True,,probleme avec le produit,Problème d'accès à Canal Plus inclus dans l'offre Free,4,Accès à Canal Plus bloqué malgré abonnement Free,Coordonner avec Canal Plus pour rétablir l'accès ou ajuster la facturation,0.9,49420191,33729865,0.0,2025-10-20
243,"Je n'ai pas demandé la Freebox mais le changement du boîtier ADSL hors service.  
Je n'ai également pas de rendez-vous avec vos services.",False,True,,service technique,Erreur dans la gestion de la demande de remplacement de matériel,3,Demande de changement de boîtier ADSL non prise en compte,Améliorer la gestion des demandes de matériel,0.9,49419750,26963704,0.0,2025-10-20
254,"Le conseiller Julien super désagréable m’a raccroché au nez et en plus je n’ai pas pu résilier mon abonnement Netflix, je vraiment besoin d’aide car je ne suis pas satisfait, je vais résilier le contrat chez Free.",False,True,,support client insuffisant,Comportement inapproprié du conseiller et impossibilité de résilier un service,4,Conseiller désagréable et impossibilité de résilier Netflix,Former les conseillers à la gestion des résiliations et au respect client,0.9,49419211,68150822,0.0,2025-10-20
258,Free n'a pas d'avatar pour identifier ses boites Mail !!!!,False,True,,probleme avec le produit,Absence d'avatar pour identifier les boîtes mail Free,2,Manque de personnalisation des boîtes mail Free,Ajouter une fonctionnalité d'avatar pour les boîtes mail,0.8,49419147,26185283,0.0,2025-10-20
265,"Aucun contact avec le service ""relation clients"" malgré les nombreux problèmes de connexion de notre box qui se répètent et durent. Toujours même mail : ""des perturbations exceptionnelles"". Revoir la définition d'exceptionnel et de relation clients. On attend un conseiller.",False,True,,support client insuffisant,Absence de contact client malgré problèmes répétés de connexion,4,Pas de réponse du service client malgré problèmes techniques récurrents,Renforcer la disponibilité et la réactivité du service client,0.9,49419034,51861210,0.0,2025-10-20
268,Sa arrive sou vent actuellement .Très désagréable .j espère que sa va s arrêter.merci,False,True,,probleme d'internet,Pannes fréquentes et désagréables,3,Pannes fréquentes et désagréables,Améliorer la stabilité du réseau,0.85,49419047,46712600,0.0,2025-10-20
276,"3 pannes sur cette semaine + 4 pannes au début de septembre, cela fait beaucoup de coupures et d'heures d'abonnement payées pour rien. Il serait bienvenu de faire un geste commercial conséquent.",False,True,,probleme d'internet,Multiples pannes entraînant perte d'heures d'abonnement payées,4,Nombre élevé de pannes sur une courte période,Proposer un geste commercial et améliorer la fiabilité,0.9,49418817,15094126,0.0,2025-10-20
283,Je souhaite avoir un conseiller en ligne concernant le mode de paiement de mon forfait mobile.,False,True,,support client insuffisant,Demande d'assistance pour mode de paiement non satisfaite,3,Souhait d'avoir un conseiller en ligne pour paiement mobile,Faciliter l'accès à un conseiller pour les questions de paiement,0.85,49418405,32227254,0.0,2025-10-20
285,"Les pannes deviennent de plus en plus récurrentes ces derniers temps, sur les réseaux en règle générale (plusieurs opérateurs). Ce n'est pas la 1ère fois, et cela gêne considérablement notre travail à la maison. Jusqu'à récemment, nous avions passé DES ANNEES sans aucun souci depuis notre souscription à FREE. Espérons que cela ne devienne pas chronique!",False,True,,probleme d'internet,Augmentation des pannes réseau récurrentes affectant le travail à domicile,4,Pannes réseau fréquentes perturbant le télétravail,Améliorer la stabilité et la qualité du réseau,0.9,49418379,42630560,0.0,2025-10-20
288,"Nous ne sommes pas du tout content des valeurs de Free, la bonne pub ne sera pas faite pour vous, au revoir Free.",False,True,,churn,Insatisfaction générale envers les valeurs de Free,3,Mécontentement global envers Free,Améliorer l'image et la satisfaction client,0.8,49418228,60498807,0.0,2025-10-20
303,"3244 nul  
Impossible à joindre  
Une honte",False,True,,support client insuffisant,Difficulté à joindre le service client par téléphone,4,"Impossibilité de joindre le 3244, service jugé honteux",Améliorer la disponibilité du service téléphonique,0.9,49334437,25327883,135088.0,2025-10-17
310,"Je voulais demander des informations en appelant le service client, il n’a pas répondu à ma question et il voulait prendre mon RIB lorsque je ne voulais pas lui communiquer mon RIB ; il m’a dit qu’il me bloquerait.",False,True,,support client insuffisant,Mauvaise gestion de la demande et pression pour fournir un RIB,4,Service client non coopératif et menace de blocage si RIB non fourni,Former le personnel à la gestion respectueuse des demandes,0.9,49309891,86987475,135088.0,2025-10-17
325,"J'avais une question sur la durée de l'offre promotionnelle (prix du forfait), ayant mal lu les conditions générales de vente envoyées par mail.  
J'ai donc appelé le service de souscription. La personne au téléphone n'était pas très agréable et à côté complet de l'information que je lui demandais. Quand j'ai fini par lui demander qui pouvait me renseigner, elle ne savait pas....  
Pour attirer les nouveaux clients, j'ai vu mieux quand même !",False,True,,support client insuffisant,Manque de compétence et d'information du service de souscription,3,Conseiller peu agréable et incapable de répondre aux questions,Former les conseillers pour une meilleure information client,0.9,49284451,60925672,135088.0,2025-10-17
360,Insatisfaite !!!,False,True,,churn,Insatisfaction exprimée sans détail,3,Client insatisfait sans précision,Recueillir plus d'informations pour mieux comprendre l'insatisfaction,0.7,49573638,22617485,0.0,2025-10-22
363,"Problème répétitif !!! Aucune réponse du service ,",False,True,,support client insuffisant,Absence de réponse du service client face à problème répétitif,4,Aucune réponse du service client malgré problèmes répétés,Améliorer la réactivité du service client,0.9,49573689,87530529,0.0,2025-10-22
367,"La réponse donnée n'a aucun rapport avec ma demande comme s'il s'agissait d'une réponse automatique. J'ai demandé pourquoi en voulant passer de la pop à l'ultra essentiel, on me disait que je devais payer 40,99 euros alors qu'il est indiqué 39,90 euros sur le site de Free. Si on me fait payer des frais de migration, ce qui est un vol en soit, c'est considéré comme un nouvel abonnement. Donc le tarif à 30,99 euros devrait m'être appliquée.  
C'est inadmissible de ne plus avoir la possibilité d'avoir directement un interlocuteur avec Free quand je déplore la qualité de mon réseau et qu'on me répond toujours à côté de la plaque. Une honte pour Free que j'utilise depuis son arrivée.",False,True,,tarification,Incohérence tarifaire et frais de migration perçus comme abusifs,4,Frais de migration élevés et incohérence des tarifs affichés,Clarifier la tarification et réduire les frais de migration,0.9,49573637,93130326,0.0,2025-10-22
368,"Aucun moyen d'arranger une situation à titre exceptionnel et on ne peut même pas choisir notre date pour les prélèvements, réponse à la va-vite sans chercher plus loin ni essayer de proposer une solution. J’ai juste demandé à décaler une date de prélèvement en fonction du salaire, comme tous les autres organismes le font : même Canal+ m’a proposé un délai pour le règlement d’une mensualité. Donc Free préfère prendre des frais aux gens que les aider à trouver un arrangement !",False,True,,tarification,Refus d'arrangement exceptionnel et rigidité sur les dates de prélèvement,4,Impossibilité de décaler la date de prélèvement malgré demande,Offrir plus de flexibilité dans la gestion des prélèvements,0.9,49573537,66175651,0.0,2025-10-22
373,"Rien à redire sur l'intervention du technicien, par contre côté Free (direction) il est honteux que Free ne prenne pas les choses au sérieux et ne mette pas les moyens pour sécuriser son réseau. Je ne recommande Free à personne : interventions à répétition, délais d’intervention trop longs, aucun délai pour réparer définitivement, aucun respect de la parole donnée. Il suffit de voir l'historique de mes demandes pour constater que Free se fiche de ses clients.  
Double zéro pointé.",False,True,,service technique,Manque de sérieux et moyens insuffisants pour sécuriser le réseau,5,"Interventions répétées, délais longs, non respect des engagements",Renforcer les moyens et le sérieux dans la gestion technique,0.95,49572649,25389338,0.0,2025-10-22
383,"Le conseiller était très à l'écoute de la requête, il a très bien compris ma demande mais n'a pas pu apporter de solution immédiate et favorable à ma requête.  
Mais je le remercie pour sa gentillesse.",False,True,,support client insuffisant,Conseiller à l'écoute mais sans solution immédiate,2,Bonne écoute du conseiller mais absence de solution immédiate,Former les conseillers à proposer des solutions rapides,0.85,49572537,55003108,0.0,2025-10-22
384,"À la demande de votre conseillère de proximité Léa, j'ai résilié mon contrat car la connexion Internet était souvent interrompue. Plusieurs techniciens se sont déplacés et malgré que j'aie résilié, j'ai dû payer des frais de résiliation de 59 €, je trouve ça inadmissible car c'est vous qui n'avez pas su honorer votre contrat.",False,True,,churn,Résiliation suite à problèmes de connexion et frais de résiliation jugés injustes,4,Résiliation due à coupures fréquentes et frais de résiliation imposés,Réduire les frais de résiliation en cas de défaillance du service,0.9,49572550,53968683,0.0,2025-10-22
385,Pas satisfaite du service. Je suis restée sans réseau pendant presque 2 mois. 2 RDV d’intervention de technicien annulés après le jour de l’intervention sans raison. Prélèvement de la facture avec pénalité suite rejet alors que je suis sans réseau depuis 1 mois. Impact sur mon travail car besoin de réseau. Très mauvaise communication avec le service client.,False,True,,service technique,Interventions techniques annulées et absence de réseau prolongée (problème d'organisation et communication interne),5,Absence prolongée de réseau et annulation répétée des interventions techniques sans explication.,Améliorer la gestion des interventions techniques et la communication avec les clients pour éviter les annulations injustifiées.,0.95,49572496,63352391,0.0,2025-10-22
395,"Échanges avec les conseillers positifs, mais le délai d'intervention d'un technicien à mon domicile pour résoudre mon problème et rétablir mes services fibre beaucoup trop long : 10 jours sans les services et sans possibilité d'intervention plus rapide. Ce n'était pas le cas avant, la réactivité pour la venue d'un technicien était bien plus rapide.",False,True,,service technique,Délai d'intervention trop long pour rétablir la fibre (manque de réactivité opérationnelle),4,Délai d'attente trop long pour intervention technique à domicile.,Réduire les délais d'intervention et améliorer la planification des techniciens.,0.9,49572242,45001037,0.0,2025-10-22
426,"Je ne comprends pas ce délai, étant donné que j'ai demandé aux techniciens, ce qui s'est passé pour que cela ne fonctionne pas, il n'a pas su me répondre, il a juste dit qu'il avait de l'expérience, sauf que tous mes rendez-vous ont été annulés à chaque fois en me disant qu'il y avait un problème sur l'infrastructure.",False,True,,service technique,Incapacité des techniciens à expliquer les causes des pannes (manque de formation ou d'information),4,Manque d'explications claires sur les problèmes techniques rencontrés et annulations répétées des rendez-vous.,Former les techniciens pour qu'ils puissent mieux informer les clients et améliorer la coordination avec l'infrastructure.,0.9,49571477,18351942,0.0,2025-10-22
432,"Totalement déçus du service Fibre. Depuis plus de 9 mois, aucune demande d'installation de point de branchement n'a été faite auprès de l'organisme concerné, alors que nous sommes régulièrement sollicités pour le raccordement au réseau !!!!",False,True,,service technique,Absence de demande d'installation de point de branchement (manque de suivi administratif),5,Aucune demande d'installation de point de branchement effectuée depuis 9 mois malgré sollicitations.,Mettre en place un suivi rigoureux des demandes d'installation et améliorer la coordination avec les organismes concernés.,0.95,49571234,31277383,0.0,2025-10-22
434,Réponse non adaptée au problème,False,True,,support client insuffisant,Réponse non adaptée au problème (manque d'écoute ou de compétence),3,Réponse du service client jugée inadaptée au problème exposé.,Former les conseillers pour mieux comprendre et répondre aux besoins des clients.,0.8,49571090,66477801,0.0,2025-10-22
442,1 mois sans téléphone ni de télé je suis pas satisfait j'espère que cette panne ne sera pas facturée,False,True,,probleme avec le produit,Panne prolongée de téléphone et télévision (défaillance technique),4,"Un mois sans téléphone ni télévision, impactant la satisfaction client.",Accélérer la résolution des pannes et éviter la facturation des périodes sans service.,0.9,49570919,73936193,0.0,2025-10-22
444,"Je n'ai eu aucun conseiller en ligne donc aucune réponse positive, j'ai envoyé ma résiliation par recommandé",False,True,,support client insuffisant,Absence de conseiller en ligne et impossibilité d'obtenir une réponse (manque de disponibilité du support),4,"Aucun contact avec un conseiller en ligne, résiliation envoyée par recommandé faute de réponse.",Améliorer la disponibilité et la réactivité du support client en ligne.,0.9,49570757,65140602,0.0,2025-10-22
452,"Problème réglé que temporairement, les mêmes dysfonctionnements apparaissent à nouveau",False,True,,service technique,Problème récurrent non résolu définitivement (interventions temporaires inefficaces),4,Dysfonctionnements réapparaissant après une résolution temporaire.,Mettre en place des solutions durables et un suivi rigoureux des incidents.,0.9,49570519,71307930,0.0,2025-10-22
466,Scandaleux de payer plus cher l'abonnement qu'un nouvel abonné.,False,True,,tarification,Abonnement plus cher que pour les nouveaux clients (politique tarifaire défavorable aux anciens clients),3,Insatisfaction liée au prix plus élevé pour les abonnés existants comparé aux nouveaux.,Revoir la politique tarifaire pour fidéliser les clients existants.,0.85,49570160,20880656,0.0,2025-10-22
467,"Conseillé qui veut beaucoup trop faire copain-copain. Grand manque d'efficacité. Au total 20 minutes de perdu pour me dire qu'au final il a envoyé une lettre de résiliation par voie postale alors qu'il est noté sur le site qu'on peut résilier au 3244.  
Très déçu du service FREE depuis ma souscription.",False,True,,support client insuffisant,Conseiller inefficace et mauvaise information sur la résiliation (manque de formation et communication interne),3,Perte de temps et mauvaise gestion de la résiliation par le conseiller.,Former les conseillers sur les procédures de résiliation et améliorer la communication interne.,0.85,49570212,98478112,0.0,2025-10-22
469,"Ces pannes de connexion arrivent BIEN TROP SOUVENT!! Free est très riche et a suffisamment de moyens pour faire en sorte que ses lignes soient plus solides et moins exposées aux pannes. Le règlement de mon abonnement mensuel, depuis plus de 20 ans, n'a jamais été en panne!!",False,True,,probleme d'internet,Pannes fréquentes de connexion malgré moyens financiers importants (problème d'infrastructure),4,Fréquence élevée des pannes de connexion internet.,Investir dans la robustesse des infrastructures pour réduire les pannes.,0.9,49569838,13605718,0.0,2025-10-22
471,"Les interlocuteurs ont essayé sans résultat car à mon avis il est difficile de faire des interventions à distance avec des interlocuteurs différents. Ce fut du bricolage plus destructeur que réparateur.  
Tout refonctionne mais pas grâce à l'assistance FREE.",False,True,,service technique,Interventions à distance inefficaces et bricolage (manque de coordination et compétences techniques),4,"Assistance technique inefficace, réparations temporaires sans résultat durable.",Améliorer la coordination entre interlocuteurs et la qualité des interventions techniques.,0.9,49569667,24869748,0.0,2025-10-22
482,"Depuis votre nouveau système d’être rappelé, je n’ai jamais été autant dans l’attente que maintenant, alors que j’en ai fait des opérateurs.",False,True,,support client insuffisant,Temps d'attente très long pour être rappelé (problème de gestion des rappels),3,Attente excessive pour être rappelé par le service client.,Optimiser le système de rappel pour réduire les délais d'attente.,0.85,49568227,90262114,0.0,2025-10-22
485,"Je ne suis pas satisfait depuis le début de FREE et je suis étonné de telles réactions pour un si grand opérateur, j'en ferai part en direction afin que de temps en temps, ils aient des remontées en direct de ce qui se passe en région.",False,True,,support client insuffisant,Insatisfaction générale et manque de remontées terrain (manque de suivi client et communication régionale),3,Mécontentement global vis-à-vis du service et absence de prise en compte des retours clients.,Mettre en place un système de remontée des avis clients en région pour améliorer le service.,0.8,49568207,85078501,0.0,2025-10-22
490,service nulle et ne sert a rien,False,True,,support client insuffisant,Service jugé inutile et inefficace (manque de qualité du support),3,Perception d'un service client inutile et inefficace.,Renforcer la formation et la qualité du service client.,0.8,49568006,21933115,0.0,2025-10-22
492,Sans commentaires conseiller désagréable,False,True,,support client insuffisant,Conseiller désagréable (manque de professionnalisme),2,Comportement désagréable d'un conseiller.,Former les conseillers à la relation client et au professionnalisme.,0.85,49568011,59039822,0.0,2025-10-22
494,Mieux comprendre la demande serai bien car je stipule que j'avais le débit bien plus élevé auparavant.,False,True,,probleme d'internet,Débit internet inférieur à celui antérieur (problème technique ou configuration),3,Débit internet plus faible qu'auparavant sans explication claire.,Analyser et optimiser la connexion internet pour restaurer les débits antérieurs.,0.85,49568028,98058786,0.0,2025-10-22
507,Nous ne pouvons plus avoir de conseiller au téléphone et maintenant il faut beaucoup de temps pour communiquer et résoudre son problème....,False,True,,support client insuffisant,Difficulté à joindre un conseiller et délais longs pour résolution (manque de disponibilité et réactivité),4,Difficulté d'accès au support et lenteur dans la résolution des problèmes.,Améliorer la disponibilité des conseillers et accélérer le traitement des demandes.,0.9,49567646,87450313,0.0,2025-10-22
532,"C'est pas Julien de Free Proxi que je note, mais l'incompétence du service Free. En effet, les frais de mise en service ne m'ont pas été communiqués ; de plus, je devais régler 3 forfaits à 9,90 €, hors à ce jour, il n'y en a qu'un à 15,90 €. Le RIB devait être valable pour l'ensemble des forfaits ainsi que la box, hors c'est prélevé sur 2 comptes différents. Je ne recommande pas Free : services de souscription malhonnêtes. Le service résiliation indiquait un remboursement des frais de 49 € alors que j'étais encore dans mon délai de rétractation ; j'attends toujours. Et quand je rappelle, on me dit que c'est une information erronée : pas de remboursement.",False,True,,tarification,Manque de transparence sur les frais et erreurs de facturation (problèmes de communication et gestion),4,"Frais non communiqués, facturation erronée et promesses non tenues de remboursement.",Clarifier la communication tarifaire et corriger les erreurs de facturation rapidement.,0.95,49566060,32811724,0.0,2025-10-22
539,Trop long à expliquer. Je suis très très déçue et en colère 5 jours d'enfer pour moi.,False,True,,support client insuffisant,Longueur excessive des explications et frustration client (manque d'efficacité),3,Processus trop long et frustrant pour le client.,Simplifier et accélérer les échanges avec le service client.,0.8,49565608,78740934,0.0,2025-10-22
548,Trop long à réparer une soirée et une matinée,False,True,,service technique,Réparation trop longue (manque d'efficacité opérationnelle),3,Temps de réparation jugé trop long pour un problème simple.,Optimiser les interventions pour réduire les délais de réparation.,0.85,49565508,61870953,0.0,2025-10-22
553,"Il est totalement incompréhensible que pour un débranchement dans un point de mutualisation par un opérateur qui s'en fout de bien faire son travail et donc débranche des lignes actives pour en mettre d'autres, un délai de 5 jours pour effectuer cette réparation soit appliqué et qu'en plus le réparateur ne vient même pas au domicile et met de fausses photos !!!!  
Cela veut bien dire que les opérateurs qui viennent dépanner sont malveillants, et donc 5 jours pour réparer de la malveillance est inacceptable.  
Le service correspond réellement à la pub rêvée !!  
Déplorable",False,True,,service technique,Délai de réparation long et malveillance supposée des techniciens (problème de qualité et confiance),5,Délai de 5 jours pour réparer un débranchement avec suspicion de malveillance et fausses photos.,Renforcer le contrôle qualité des interventions et améliorer la transparence avec les clients.,0.9,49565417,49278723,0.0,2025-10-22
558,"Bonjour, Je suis en panne, tous les mois, tous les mois un technicien se déplace, je perds 5 jours de connexion par mois, sans vraiment trouver de solution.  
Je dois de nouveau attendre la prochaine panne...  
Aucune solution ne m'est apportée. Visiblement, il va falloir que je change d'opérateur, pour trouver une équipe plus sérieuse, peut-être retourner chez Orange.  
Cordialement",False,True,,service technique,Pannes récurrentes et absence de solution durable (manque de résolution efficace),5,Pannes mensuelles répétées sans solution définitive.,Mettre en place un diagnostic approfondi et une solution pérenne pour éviter les pannes récurrentes.,0.95,49565354,44630579,0.0,2025-10-22
561,"Je ne suis pas habituée à internet. La réponse ne m'a pas éclairée. J'ai demandé à être rappelée, mais ça n'a pas été fait. J'ai besoin d'un contact téléphonique. Merci",False,True,,support client insuffisant,Manque de contact téléphonique et absence de rappel (manque de suivi client),3,Demande de contact téléphonique non satisfaite et absence de rappel.,Améliorer le suivi des demandes de rappel et la disponibilité du support téléphonique.,0.85,49565302,62540437,0.0,2025-10-22
565,"J'ai envoyé une lettre avec accusé de réception où j'évoque ma désastreuse expérience avec Free, qui se trouve toujours sans réponses.  
La demande de résiliation ayant été faite, je ne peux ni vous joindre ni me connecter sur votre site, je suis tout simplement bloqué.  
J'ose espérer que suite à ce message je serai recontacté, bien que je n'espère plus.  
La prise de contact avec le médiateur se rapproche...",False,True,,support client insuffisant,Absence de réponse à une lettre recommandée et blocage client (manque de gestion des réclamations),4,Demande de résiliation sans réponse et impossibilité de joindre le service ou accéder au compte.,Améliorer la gestion des réclamations et faciliter l'accès aux services clients.,0.9,49565263,52403649,0.0,2025-10-22
569,"J'attendais une proposition commerciale afin de ne pas changer d'opérateur pour ma box, mais on ne m'a rien proposé comme offre concernant la box.",False,True,,churn,Absence d'offre commerciale pour fidéliser le client (manque d'incitation à rester),3,Aucune proposition commerciale pour éviter le changement d'opérateur.,Proposer des offres attractives pour fidéliser les clients existants.,0.85,49565055,80874214,0.0,2025-10-22
577,Aujourd'hui le problème n'est pas résolu,False,True,,service technique,Problème non résolu à ce jour (manque d'efficacité technique),4,Problème technique persistant sans résolution.,Prioriser la résolution du problème et assurer un suivi rigoureux.,0.9,49564822,34126331,0.0,2025-10-22
584,"Étant déjà chez Free, je n'ai pu obtenir le tarif Pop proposé aux nouveaux arrivants. Je trouve injuste de ne pouvoir bénéficier des baisses de tarifs de cette offre. J'attends maintenant la moindre opportunité pour migrer chez un autre FAI.",False,True,,tarification,Injustice tarifaire entre anciens et nouveaux clients (politique commerciale défavorable),4,Impossibilité de bénéficier du tarif promotionnel Pop réservé aux nouveaux clients.,Revoir la politique tarifaire pour offrir des avantages aux clients fidèles.,0.9,49564487,50477670,0.0,2025-10-22
589,"Le conseiller n'a pas répondu à ma demande, je ferai donc une réclamation au service concerné, je songe à changer d'opérateur si le souci n'est pas réglé rapidement.",False,True,,support client insuffisant,Conseiller ne répond pas à la demande et menace de résiliation (manque de réactivité),3,"Absence de réponse satisfaisante du conseiller, client envisageant de changer d'opérateur.",Améliorer la réactivité et la qualité des réponses du support client.,0.85,49564410,33894854,0.0,2025-10-22
591,vous ne souhaitez pas nous faire profiter d'une de vos offres alors que nous sommes client depuis plusieurs années,False,True,,tarification,Refus d'offrir des promotions aux clients fidèles (manque de reconnaissance),3,Clients fidèles non bénéficiaires des offres promotionnelles.,Mettre en place des offres dédiées aux clients de longue date.,0.85,49564363,24216954,0.0,2025-10-22
593,Malgré l'échange de matériels rien ne va nous avons toujours la TV qui perd ses couleurs,False,True,,probleme avec le produit,Problème persistant de qualité TV malgré échange de matériel (défaillance technique non résolue),4,Perte des couleurs sur la TV malgré remplacement du matériel.,Effectuer un diagnostic approfondi et remplacer ou réparer le matériel défectueux.,0.9,49564151,46023003,0.0,2025-10-22
613,"C'est délicat mais on arrive à saturation ! Être constamment débranché par un technicien ! Si on pouvait avoir une assistance dans la journée pour avoir accès à internet ! Car j'ai suivi l'opération, cela ne relève pas du niveau ingénieur ! Et l'opération prend 2 min ! Bref, être coupé plusieurs jours chaque fois alors que 5 min suffisent pour retrouver la connexion !",False,True,,service technique,Coupures fréquentes et assistance lente (manque d'efficacité technique et support),4,Coupures répétées et absence d'assistance rapide pour rétablir la connexion.,Améliorer la rapidité d'intervention et la qualité du support technique.,0.9,49561840,77457995,0.0,2025-10-22
618,Je suis pas satisfaite du service free,False,True,,churn,Insatisfaction générale du service (manque de qualité perçue),3,Client insatisfait du service Free sans précision.,Analyser les causes d'insatisfaction et améliorer globalement le service.,0.7,49561628,42176175,0.0,2025-10-22
635,"Bonjour,

Je souhaite exprimer mon mécontentement concernant la qualité de mon Wi-Fi. Au début de mon installation, mes débits étaient tout à fait honorables. Cependant, du jour au lendemain, ceux-ci ont drastiquement chuté sans aucune modification de ma part.

Le service client m'indique que cette baisse serait due au partage du Wi-Fi, mais après plusieurs tests effectués avec un seul appareil connecté, le problème persiste exactement de la même manière. Cette explication ne tient donc pas.

Je trouve regrettable que mon problème ne soit pas pris au sérieux et qu'aucune solution concrète ne m'ait été proposée. J'espère qu'une vérification technique réelle sera effectuée afin de retrouver le niveau de service dont je bénéficiais à l'origine.",False,True,,probleme d'internet,Baisse brutale et inexpliquée du débit Wi-Fi (problème technique non identifié),4,Débit Wi-Fi chutant soudainement sans cause apparente et absence de solution proposée.,Effectuer une vérification technique approfondie et proposer une solution adaptée.,0.9,49560892,99104328,0.0,2025-10-22
638,le conseiller est très bien mais pas free.. encore et toujours des problèmes ...,False,True,,support client insuffisant,Conseiller compétent mais problèmes techniques récurrents (manque de résolution technique),3,Problèmes techniques persistants malgré un bon conseiller.,Renforcer les compétences techniques et la résolution des problèmes.,0.85,49560875,58950505,0.0,2025-10-22
639,"J'ai envoyé un courrier recommandé avec AR pour expliquer le piratage de notre compte. Je me suis également déplacé dans la boutique Free de Chartres pour effectuer le changement d'adresse mail avec ma carte d'identité. Votre réponse est consternante ou plutôt standard. Ma demande n'a pas été traitée. Je vais faire appel au médiateur et envisage de résilier notre abonnement.  
Je suis très déçu par la qualité du traitement de ma demande.",False,True,,support client insuffisant,Demande non traitée malgré démarches multiples (manque de suivi et réactivité),4,Demande de changement d'adresse mail et signalement de piratage non pris en compte.,Améliorer le suivi des demandes clients et la réactivité du service.,0.9,49560880,69617569,0.0,2025-10-22
647,"Le technicien devait passer entre 9h et 11h et finalement il est passé à midi et n’a fait le nécessaire que par téléphone. Donc ce n’est pas très compétent. La prochaine fois, je remplacerai tout le matériel et je contacterai un autre opérateur.",False,True,,service technique,Intervention technique tardive et insuffisante (manque de compétence et efficacité),3,Technicien arrivé en retard et n'ayant fait que des actions téléphoniques.,Améliorer la ponctualité et la compétence des techniciens sur site.,0.85,49560187,41281343,0.0,2025-10-22
653,"La réception sur mobile n'est pas bonne sans le wifi. La demande de connexion à internet se trouve donc aléatoire, d'autant qu'il faut se souvenir de l'identifiant et du mot de passe ce qui est stressant.",False,True,,probleme de communication,Mauvaise réception mobile et complexité d'accès au Wi-Fi (problème d'ergonomie et signal),3,Réception mobile faible sans Wi-Fi et difficulté à se connecter à internet.,Améliorer la couverture mobile et simplifier l'accès au Wi-Fi.,0.85,49560055,70169269,0.0,2025-10-22
654,La personne en charge du problème très bien mais mon problème n'étant toujours pas résolu je vais me diriger vers un nouvel opérateur. Je paye 40€ pour de la mauvaise qualité internet ça suffit,False,True,,churn,Insatisfaction de la qualité internet malgré le prix payé (manque de qualité de service),4,Client envisage de changer d'opérateur à cause de mauvaise qualité internet.,Améliorer la qualité du service internet pour fidéliser les clients.,0.9,49560057,72125356,0.0,2025-10-22
669,Commande faite mi-septembre et toujours pas installée,False,True,,service technique,Installation non réalisée après commande (manque de suivi et organisation),4,Commande passée mais installation toujours non effectuée.,Assurer un suivi rigoureux des commandes et planifier rapidement les installations.,0.9,49559390,72647224,0.0,2025-10-22
679,"Je vous avais demandé de m'accompagner phonétiquement. Résultat, je n’ai toujours pas mes mails.  
Je pensais avoir strictement suivi votre texte.  
Je suis nulle, je le reconnais, handicapée et d’un certain âge.  
Très déçue.",False,True,,support client insuffisant,Manque d'accompagnement adapté aux besoins spécifiques (handicap et âge),3,Absence d'aide phonétique et impossibilité d'accéder aux mails malgré suivi des instructions.,Adapter le support aux besoins spécifiques des clients vulnérables.,0.85,49559196,17735014,0.0,2025-10-22
687,C'est compliqué,False,True,,churn,Expression de difficulté sans précision (insatisfaction vague),2,Client trouve la situation compliquée sans détails.,Recueillir plus d'informations pour mieux comprendre et résoudre le problème.,0.6,49559084,44696104,0.0,2025-10-22
692,"Je souhaite juste payer le juste prix pour mon abonnement internet, hors vous n'êtes pas compétitifs, dommage mais pas grave, c'est comme ça ????",False,True,,tarification,Prix non compétitifs pour l'abonnement internet (problème de positionnement tarifaire),3,Client souhaite payer un prix juste mais trouve les tarifs trop élevés.,Revoir la politique tarifaire pour rester compétitif sur le marché.,0.85,49558814,60292831,0.0,2025-10-22
707,"Au prix où l'on paye l'abonnement internet par la fibre, c'est inadmissible que l'on ne nous réponde plus par téléphone, au minimum.",False,True,,support client insuffisant,Absence de réponse téléphonique malgré prix élevé (manque de service client),4,Impossibilité de joindre le service client par téléphone malgré un abonnement coûteux.,Garantir un service client téléphonique accessible pour tous les abonnés.,0.9,49558487,57988284,0.0,2025-10-22
710,No comment à fuir,False,True,,churn,Expression forte de rejet sans détails (insatisfaction extrême),5,Client recommande de fuir le service sans autre explication.,Analyser les causes profondes de cette insatisfaction extrême et agir en conséquence.,0.7,49558476,79428378,0.0,2025-10-22
712,Comme d'habitude les abonnés de la première heure n'ont aucun privilège.,False,True,,tarification,Absence d'avantages pour les premiers abonnés (manque de reconnaissance fidélité),3,Les abonnés historiques ne bénéficient d'aucun privilège.,Mettre en place des avantages pour les clients de longue date.,0.85,49558139,35801271,0.0,2025-10-22
715,"Je ne réponds pas à des voleurs, moi.",False,True,,churn,Refus catégorique de répondre à l'opérateur (insatisfaction forte),4,"Client refuse tout contact avec l'opérateur, exprimant une forte insatisfaction.",Améliorer la relation client pour regagner la confiance.,0.8,49558100,97196103,0.0,2025-10-22
716,"Aucune connaissance technique du problème, donne de fausse réponse. Indique devoir maintenir un rendez-vous pour que 24h après ce soit Free qui l'annule. Les conseillers n'ont pas pu empêcher la coupure fibre. Aucune communication constructive entre Free Proxy et l'infrastructure. L'équipe Free Proxy pense à un débranchement de fibre alors que la réalité vient du fait que l'équipe Infra a coupé la ligne. J'insiste pour une résolution sans rendez-vous, l'équipe Proxy m'indique qu'il est nécessaire d'avoir un RDV pour qu'au final on me l'annule... Très déçu du niveau technique du support, aucune connaissance en télécom...",False,True,,service technique,Manque de connaissances techniques et mauvaise coordination entre équipes (problème organisationnel),5,"Support technique incompétent, rendez-vous annulés, coupure fibre non anticipée et mauvaise communication entre équipes.",Former les équipes techniques et améliorer la coordination entre services pour éviter les erreurs.,0.95,49558027,22395748,0.0,2025-10-22
729,"Tarif beaucoup trop cher, 23,99€ pour quelqu'un qui prend une box chez vous, pour récompenser la fidélité de vos clients 39,99€. Continuez comme ça...",False,True,,tarification,Tarif élevé pour les clients fidèles (politique tarifaire défavorable),3,Tarif plus élevé pour les clients fidèles comparé aux nouveaux abonnés.,Réviser la politique tarifaire pour récompenser la fidélité des clients.,0.9,49556380,78105617,0.0,2025-10-22
741,"Nous avons changé d’opérateur et sommes passés chez Free (mobile + box), on a dû payer les 2 abonnements box pendant 3 mois parce que Free a mal fait la portabilité, et Free ne veut rien savoir, et même pas nous rembourser les frais de résiliation. C’est inadmissible. Je ne suis pas là pour recommander Free à quiconque. J’ai l’impression d’être passée chez Reef, vos pubs ne sont pas si éloignées de la réalité ?",False,True,,support client insuffisant,Erreur de portabilité et refus de remboursement (manque de gestion des litiges),4,Double facturation suite à une mauvaise portabilité et refus de remboursement des frais de résiliation.,Améliorer la gestion des portabilités et traiter rapidement les demandes de remboursement.,0.9,49555814,91647776,0.0,2025-10-22
